n,pair_index,time_ms,mean_ms,std_ms,min_ms,max_ms,median_ms
100,0,0.702514,0.479008,0.208406,0.150223,0.760222,0.499977
100,1,0.625489,0.479008,0.208406,0.150223,0.760222,0.499977
100,2,0.760222,0.479008,0.208406,0.150223,0.760222,0.499977
100,3,0.651207,0.479008,0.208406,0.150223,0.760222,0.499977
100,4,0.496195,0.479008,0.208406,0.150223,0.760222,0.499977
100,5,0.467962,0.479008,0.208406,0.150223,0.760222,0.499977
100,6,0.503759,0.479008,0.208406,0.150223,0.760222,0.499977
100,7,0.275308,0.479008,0.208406,0.150223,0.760222,0.499977
100,8,0.150223,0.479008,0.208406,0.150223,0.760222,0.499977
100,9,0.157196,0.479008,0.208406,0.150223,0.760222,0.499977
200,0,0.829192,0.929464,0.387667,0.346973,1.740959,0.879276
200,1,0.988983,0.929464,0.387667,0.346973,1.740959,0.879276
200,2,0.877714,0.929464,0.387667,0.346973,1.740959,0.879276
200,3,1.158202,0.929464,0.387667,0.346973,1.740959,0.879276
200,4,0.864880,0.929464,0.387667,0.346973,1.740959,0.879276
200,5,0.357273,0.929464,0.387667,0.346973,1.740959,0.879276
200,6,0.880839,0.929464,0.387667,0.346973,1.740959,0.879276
200,7,1.740959,0.929464,0.387667,0.346973,1.740959,0.879276
200,8,1.249624,0.929464,0.387667,0.346973,1.740959,0.879276
200,9,0.346973,0.929464,0.387667,0.346973,1.740959,0.879276
300,0,1.249795,1.188241,0.321050,0.498789,1.706655,1.217679
300,1,1.534821,1.188241,0.321050,0.498789,1.706655,1.217679
300,2,1.180995,1.188241,0.321050,0.498789,1.706655,1.217679
300,3,1.194330,1.188241,0.321050,0.498789,1.706655,1.217679
300,4,1.282886,1.188241,0.321050,0.498789,1.706655,1.217679
300,5,1.706655,1.188241,0.321050,0.498789,1.706655,1.217679
300,6,0.798784,1.188241,0.321050,0.498789,1.706655,1.217679
300,7,1.206002,1.188241,0.321050,0.498789,1.706655,1.217679
300,8,0.498789,1.188241,0.321050,0.498789,1.706655,1.217679
300,9,1.229356,1.188241,0.321050,0.498789,1.706655,1.217679
400,0,3.085161,1.583017,0.885251,0.530900,3.085161,1.424849
400,1,2.799875,1.583017,0.885251,0.530900,3.085161,1.424849
400,2,1.355674,1.583017,0.885251,0.530900,3.085161,1.424849
400,3,2.207458,1.583017,0.885251,0.530900,3.085161,1.424849
400,4,1.494024,1.583017,0.885251,0.530900,3.085161,1.424849
400,5,0.530900,1.583017,0.885251,0.530900,3.085161,1.424849
400,6,0.776362,1.583017,0.885251,0.530900,3.085161,1.424849
400,7,0.894075,1.583017,0.885251,0.530900,3.085161,1.424849
400,8,0.536230,1.583017,0.885251,0.530900,3.085161,1.424849
400,9,2.150412,1.583017,0.885251,0.530900,3.085161,1.424849
500,0,1.622036,1.513150,0.715490,0.657759,2.820703,1.690820
500,1,1.759605,1.513150,0.715490,0.657759,2.820703,1.690820
500,2,1.809699,1.513150,0.715490,0.657759,2.820703,1.690820
500,3,2.375204,1.513150,0.715490,0.657759,2.820703,1.690820
500,4,1.779913,1.513150,0.715490,0.657759,2.820703,1.690820
500,5,0.657759,1.513150,0.715490,0.657759,2.820703,1.690820
500,6,0.676915,1.513150,0.715490,0.657759,2.820703,1.690820
500,7,0.934119,1.513150,0.715490,0.657759,2.820703,1.690820
500,8,0.695550,1.513150,0.715490,0.657759,2.820703,1.690820
500,9,2.820703,1.513150,0.715490,0.657759,2.820703,1.690820
600,0,2.038259,2.051618,0.716374,0.799246,3.481859,2.136470
600,1,2.144310,2.051618,0.716374,0.799246,3.481859,2.136470
600,2,2.057455,2.051618,0.716374,0.799246,3.481859,2.136470
600,3,2.199424,2.051618,0.716374,0.799246,3.481859,2.136470
600,4,2.386275,2.051618,0.716374,0.799246,3.481859,2.136470
600,5,0.922358,2.051618,0.716374,0.799246,3.481859,2.136470
600,6,2.358363,2.051618,0.716374,0.799246,3.481859,2.136470
600,7,0.799246,2.051618,0.716374,0.799246,3.481859,2.136470
600,8,3.481859,2.051618,0.716374,0.799246,3.481859,2.136470
600,9,2.128630,2.051618,0.716374,0.799246,3.481859,2.136470
700,0,3.363165,2.695765,1.242325,0.996578,5.935111,2.525927
700,1,2.500119,2.695765,1.242325,0.996578,5.935111,2.525927
700,2,2.569360,2.695765,1.242325,0.996578,5.935111,2.525927
700,3,2.500329,2.695765,1.242325,0.996578,5.935111,2.525927
700,4,2.408506,2.695765,1.242325,0.996578,5.935111,2.525927
700,5,2.623211,2.695765,1.242325,0.996578,5.935111,2.525927
700,6,2.551526,2.695765,1.242325,0.996578,5.935111,2.525927
700,7,1.509744,2.695765,1.242325,0.996578,5.935111,2.525927
700,8,5.935111,2.695765,1.242325,0.996578,5.935111,2.525927
700,9,0.996578,2.695765,1.242325,0.996578,5.935111,2.525927
800,0,3.884558,2.924801,1.460766,1.065416,5.488449,3.108406
800,1,4.348612,2.924801,1.460766,1.065416,5.488449,3.108406
800,2,3.087076,2.924801,1.460766,1.065416,5.488449,3.108406
800,3,3.129736,2.924801,1.460766,1.065416,5.488449,3.108406
800,4,4.013912,2.924801,1.460766,1.065416,5.488449,3.108406
800,5,1.079644,2.924801,1.460766,1.065416,5.488449,3.108406
800,6,5.488449,2.924801,1.460766,1.065416,5.488449,3.108406
800,7,1.403533,2.924801,1.460766,1.065416,5.488449,3.108406
800,8,1.065416,2.924801,1.460766,1.065416,5.488449,3.108406
800,9,1.747071,2.924801,1.460766,1.065416,5.488449,3.108406
900,0,5.156854,2.898370,1.389392,1.144806,5.156854,3.059644
900,1,5.104926,2.898370,1.389392,1.144806,5.156854,3.059644
900,2,2.994712,2.898370,1.389392,1.144806,5.156854,3.059644
900,3,3.484975,2.898370,1.389392,1.144806,5.156854,3.059644
900,4,3.124576,2.898370,1.389392,1.144806,5.156854,3.059644
900,5,1.259653,2.898370,1.389392,1.144806,5.156854,3.059644
900,6,1.888608,2.898370,1.389392,1.144806,5.156854,3.059644
900,7,1.496499,2.898370,1.389392,1.144806,5.156854,3.059644
900,8,3.328090,2.898370,1.389392,1.144806,5.156854,3.059644
900,9,1.144806,2.898370,1.389392,1.144806,5.156854,3.059644
1000,0,3.618757,11.752948,16.190236,1.312844,45.195729,4.347104
1000,1,45.195729,11.752948,16.190236,1.312844,45.195729,4.347104
1000,2,4.839036,11.752948,16.190236,1.312844,45.195729,4.347104
1000,3,3.855172,11.752948,16.190236,1.312844,45.195729,4.347104
1000,4,5.884966,11.752948,16.190236,1.312844,45.195729,4.347104
1000,5,2.071662,11.752948,16.190236,1.312844,45.195729,4.347104
1000,6,6.570548,11.752948,16.190236,1.312844,45.195729,4.347104
1000,7,1.490178,11.752948,16.190236,1.312844,45.195729,4.347104
1000,8,42.690590,11.752948,16.190236,1.312844,45.195729,4.347104
1000,9,1.312844,11.752948,16.190236,1.312844,45.195729,4.347104
1100,0,3.892442,3.614100,1.395482,1.599514,6.150266,3.831643
1100,1,3.845955,3.614100,1.395482,1.599514,6.150266,3.831643
1100,2,3.817331,3.614100,1.395482,1.599514,6.150266,3.831643
1100,3,6.150266,3.614100,1.395482,1.599514,6.150266,3.831643
1100,4,5.041597,3.614100,1.395482,1.599514,6.150266,3.831643
1100,5,2.493547,3.614100,1.395482,1.599514,6.150266,3.831643
1100,6,2.461247,3.614100,1.395482,1.599514,6.150266,3.831643
1100,7,1.985620,3.614100,1.395482,1.599514,6.150266,3.831643
1100,8,4.853483,3.614100,1.395482,1.599514,6.150266,3.831643
1100,9,1.599514,3.614100,1.395482,1.599514,6.150266,3.831643
1200,0,4.288158,5.242811,2.807977,1.563776,9.839065,5.501433
1200,1,4.868061,5.242811,2.807977,1.563776,9.839065,5.501433
1200,2,6.975170,5.242811,2.807977,1.563776,9.839065,5.501433
1200,3,6.134806,5.242811,2.807977,1.563776,9.839065,5.501433
1200,4,6.147351,5.242811,2.807977,1.563776,9.839065,5.501433
1200,5,9.839065,5.242811,2.807977,1.563776,9.839065,5.501433
1200,6,1.740960,5.242811,2.807977,1.563776,9.839065,5.501433
1200,7,1.563776,5.242811,2.807977,1.563776,9.839065,5.501433
1200,8,9.053575,5.242811,2.807977,1.563776,9.839065,5.501433
1200,9,1.817183,5.242811,2.807977,1.563776,9.839065,5.501433
1300,0,4.684816,3.798432,2.094344,1.670697,7.494678,3.577103
1300,1,4.680246,3.798432,2.094344,1.670697,7.494678,3.577103
1300,2,4.513753,3.798432,2.094344,1.670697,7.494678,3.577103
1300,3,7.494678,3.798432,2.094344,1.670697,7.494678,3.577103
1300,4,6.961232,3.798432,2.094344,1.670697,7.494678,3.577103
1300,5,1.670697,3.798432,2.094344,1.670697,7.494678,3.577103
1300,6,2.640454,3.798432,2.094344,1.670697,7.494678,3.577103
1300,7,1.903947,3.798432,2.094344,1.670697,7.494678,3.577103
1300,8,1.751950,3.798432,2.094344,1.670697,7.494678,3.577103
1300,9,1.682549,3.798432,2.094344,1.670697,7.494678,3.577103
1400,0,7.136133,5.103884,2.560930,1.781515,8.729634,5.022972
1400,1,8.729634,5.103884,2.560930,1.781515,8.729634,5.022972
1400,2,8.190660,5.103884,2.560930,1.781515,8.729634,5.022972
1400,3,4.972907,5.103884,2.560930,1.781515,8.729634,5.022972
1400,4,5.073037,5.103884,2.560930,1.781515,8.729634,5.022972
1400,5,2.086430,5.103884,2.560930,1.781515,8.729634,5.022972
1400,6,2.832596,5.103884,2.560930,1.781515,8.729634,5.022972
1400,7,2.523845,5.103884,2.560930,1.781515,8.729634,5.022972
1400,8,7.712088,5.103884,2.560930,1.781515,8.729634,5.022972
1400,9,1.781515,5.103884,2.560930,1.781515,8.729634,5.022972
1500,0,6.489184,5.182289,2.700760,1.932531,9.069636,5.481442
1500,1,9.069636,5.182289,2.700760,1.932531,9.069636,5.481442
1500,2,8.264178,5.182289,2.700760,1.932531,9.069636,5.481442
1500,3,5.119765,5.182289,2.700760,1.932531,9.069636,5.481442
1500,4,5.843118,5.182289,2.700760,1.932531,9.069636,5.481442
1500,5,1.981203,5.182289,2.700760,1.932531,9.069636,5.481442
1500,6,1.932531,5.182289,2.700760,1.932531,9.069636,5.481442
1500,7,2.802069,5.182289,2.700760,1.932531,9.069636,5.481442
1500,8,2.021438,5.182289,2.700760,1.932531,9.069636,5.481442
1500,9,8.299765,5.182289,2.700760,1.932531,9.069636,5.481442
1600,0,9.245156,7.196191,2.785934,2.135653,11.555819,7.771811
1600,1,6.939633,7.196191,2.785934,2.135653,11.555819,7.771811
1600,2,8.603988,7.196191,2.785934,2.135653,11.555819,7.771811
1600,3,5.669049,7.196191,2.785934,2.135653,11.555819,7.771811
1600,4,5.602864,7.196191,2.785934,2.135653,11.555819,7.771811
1600,5,9.125710,7.196191,2.785934,2.135653,11.555819,7.771811
1600,6,3.600663,7.196191,2.785934,2.135653,11.555819,7.771811
1600,7,9.483375,7.196191,2.785934,2.135653,11.555819,7.771811
1600,8,11.555819,7.196191,2.785934,2.135653,11.555819,7.771811
1600,9,2.135653,7.196191,2.785934,2.135653,11.555819,7.771811
1700,0,6.163751,6.301758,2.504186,2.285044,10.181109,6.091485
1700,1,5.828440,6.301758,2.504186,2.285044,10.181109,6.091485
1700,2,6.019219,6.301758,2.504186,2.285044,10.181109,6.091485
1700,3,6.259232,6.301758,2.504186,2.285044,10.181109,6.091485
1700,4,5.806779,6.301758,2.504186,2.285044,10.181109,6.091485
1700,5,2.285044,6.301758,2.504186,2.285044,10.181109,6.091485
1700,6,10.181109,6.301758,2.504186,2.285044,10.181109,6.091485
1700,7,2.343515,6.301758,2.504186,2.285044,10.181109,6.091485
1700,8,9.151780,6.301758,2.504186,2.285044,10.181109,6.091485
1700,9,8.978714,6.301758,2.504186,2.285044,10.181109,6.091485
1800,0,6.570467,5.362398,2.086516,2.437592,9.209869,6.091795
1800,1,6.027905,5.362398,2.086516,2.437592,9.209869,6.091795
1800,2,6.155685,5.362398,2.086516,2.437592,9.209869,6.091795
1800,3,6.343901,5.362398,2.086516,2.437592,9.209869,6.091795
1800,4,9.209869,5.362398,2.086516,2.437592,9.209869,6.091795
1800,5,4.152853,5.362398,2.086516,2.437592,9.209869,6.091795
1800,6,6.999155,5.362398,2.086516,2.437592,9.209869,6.091795
1800,7,3.021041,5.362398,2.086516,2.437592,9.209869,6.091795
1800,8,2.437592,5.362398,2.086516,2.437592,9.209869,6.091795
1800,9,2.705507,5.362398,2.086516,2.437592,9.209869,6.091795
1900,0,6.934754,13.329941,12.357140,2.557869,37.804987,8.046192
1900,1,10.219571,13.329941,12.357140,2.557869,37.804987,8.046192
1900,2,6.668082,13.329941,12.357140,2.557869,37.804987,8.046192
1900,3,37.804987,13.329941,12.357140,2.557869,37.804987,8.046192
1900,4,9.137253,13.329941,12.357140,2.557869,37.804987,8.046192
1900,5,6.955132,13.329941,12.357140,2.557869,37.804987,8.046192
1900,6,36.663656,13.329941,12.357140,2.557869,37.804987,8.046192
1900,7,13.712051,13.329941,12.357140,2.557869,37.804987,8.046192
1900,8,2.646055,13.329941,12.357140,2.557869,37.804987,8.046192
1900,9,2.557869,13.329941,12.357140,2.557869,37.804987,8.046192
2000,0,9.759555,8.705583,4.112501,2.883121,17.599243,7.659283
2000,1,7.086279,8.705583,4.112501,2.883121,17.599243,7.659283
2000,2,7.471073,8.705583,4.112501,2.883121,17.599243,7.659283
2000,3,7.606439,8.705583,4.112501,2.883121,17.599243,7.659283
2000,4,7.905893,8.705583,4.112501,2.883121,17.599243,7.659283
2000,5,7.712128,8.705583,4.112501,2.883121,17.599243,7.659283
2000,6,14.349431,8.705583,4.112501,2.883121,17.599243,7.659283
2000,7,2.883121,8.705583,4.112501,2.883121,17.599243,7.659283
2000,8,4.682671,8.705583,4.112501,2.883121,17.599243,7.659283
2000,9,17.599243,8.705583,4.112501,2.883121,17.599243,7.659283
2100,0,7.210363,5.811552,2.034745,2.784375,7.748736,7.212888
2100,1,7.215413,5.811552,2.034745,2.784375,7.748736,7.212888
2100,2,7.223087,5.811552,2.034745,2.784375,7.748736,7.212888
2100,3,7.748736,5.811552,2.034745,2.784375,7.748736,7.212888
2100,4,7.656412,5.811552,2.034745,2.784375,7.748736,7.212888
2100,5,2.870778,5.811552,2.034745,2.784375,7.748736,7.212888
2100,6,4.663285,5.811552,2.034745,2.784375,7.748736,7.212888
2100,7,2.784375,5.811552,2.034745,2.784375,7.748736,7.212888
2100,8,7.470112,5.811552,2.034745,2.784375,7.748736,7.212888
2100,9,3.272956,5.811552,2.034745,2.784375,7.748736,7.212888
2200,0,7.627349,8.562591,3.242459,2.996936,12.845317,7.857372
2200,1,7.346559,8.562591,3.242459,2.996936,12.845317,7.857372
2200,2,10.324069,8.562591,3.242459,2.996936,12.845317,7.857372
2200,3,8.087395,8.562591,3.242459,2.996936,12.845317,7.857372
2200,4,7.597392,8.562591,3.242459,2.996936,12.845317,7.857372
2200,5,12.607811,8.562591,3.242459,2.996936,12.845317,7.857372
2200,6,4.071290,8.562591,3.242459,2.996936,12.845317,7.857372
2200,7,12.845317,8.562591,3.242459,2.996936,12.845317,7.857372
2200,8,2.996936,8.562591,3.242459,2.996936,12.845317,7.857372
2200,9,12.121794,8.562591,3.242459,2.996936,12.845317,7.857372
2300,0,8.606973,8.275371,3.089829,3.076555,12.602119,8.374150
2300,1,7.512563,8.275371,3.089829,3.076555,12.602119,8.374150
2300,2,8.087625,8.275371,3.089829,3.076555,12.602119,8.374150
2300,3,9.869953,8.275371,3.089829,3.076555,12.602119,8.374150
2300,4,8.141326,8.275371,3.089829,3.076555,12.602119,8.374150
2300,5,3.078529,8.275371,3.089829,3.076555,12.602119,8.374150
2300,6,9.191294,8.275371,3.089829,3.076555,12.602119,8.374150
2300,7,12.586771,8.275371,3.089829,3.076555,12.602119,8.374150
2300,8,3.076555,8.275371,3.089829,3.076555,12.602119,8.374150
2300,9,12.602119,8.275371,3.089829,3.076555,12.602119,8.374150
2400,0,11.359208,9.767284,2.656552,3.665605,13.552210,10.286037
2400,1,10.668528,9.767284,2.656552,3.665605,13.552210,10.286037
2400,2,12.568958,9.767284,2.656552,3.665605,13.552210,10.286037
2400,3,8.091152,9.767284,2.656552,3.665605,13.552210,10.286037
2400,4,10.981367,9.767284,2.656552,3.665605,13.552210,10.286037
2400,5,13.552210,9.767284,2.656552,3.665605,13.552210,10.286037
2400,6,9.903546,9.767284,2.656552,3.665605,13.552210,10.286037
2400,7,8.467311,9.767284,2.656552,3.665605,13.552210,10.286037
2400,8,3.665605,9.767284,2.656552,3.665605,13.552210,10.286037
2400,9,8.414952,9.767284,2.656552,3.665605,13.552210,10.286037
2500,0,9.623198,11.732085,4.132851,3.519540,18.875989,11.743437
2500,1,8.837439,11.732085,4.132851,3.519540,18.875989,11.743437
2500,2,15.355146,11.732085,4.132851,3.519540,18.875989,11.743437
2500,3,9.087950,11.732085,4.132851,3.519540,18.875989,11.743437
2500,4,14.214477,11.732085,4.132851,3.519540,18.875989,11.743437
2500,5,18.875989,11.732085,4.132851,3.519540,18.875989,11.743437
2500,6,14.320236,11.732085,4.132851,3.519540,18.875989,11.743437
2500,7,9.938191,11.732085,4.132851,3.519540,18.875989,11.743437
2500,8,3.519540,11.732085,4.132851,3.519540,18.875989,11.743437
2500,9,13.548683,11.732085,4.132851,3.519540,18.875989,11.743437
2600,0,54.235378,19.405647,16.624574,3.497959,54.235378,14.492962
2600,1,48.458717,19.405647,16.624574,3.497959,54.235378,14.492962
2600,2,16.265350,19.405647,16.624574,3.497959,54.235378,14.492962
2600,3,10.164307,19.405647,16.624574,3.497959,54.235378,14.492962
2600,4,11.973996,19.405647,16.624574,3.497959,54.235378,14.492962
2600,5,16.815156,19.405647,16.624574,3.497959,54.235378,14.492962
2600,6,3.659684,19.405647,16.624574,3.497959,54.235378,14.492962
2600,7,14.257478,19.405647,16.624574,3.497959,54.235378,14.492962
2600,8,14.728446,19.405647,16.624574,3.497959,54.235378,14.492962
2600,9,3.497959,19.405647,16.624574,3.497959,54.235378,14.492962
2700,0,9.455152,8.940162,4.083704,3.636440,14.941607,9.465822
2700,1,11.623025,8.940162,4.083704,3.636440,14.941607,9.465822
2700,2,9.476492,8.940162,4.083704,3.636440,14.941607,9.465822
2700,3,11.193757,8.940162,4.083704,3.636440,14.941607,9.465822
2700,4,14.941607,8.940162,4.083704,3.636440,14.941607,9.465822
2700,5,6.460841,8.940162,4.083704,3.636440,14.941607,9.465822
2700,6,3.900908,8.940162,4.083704,3.636440,14.941607,9.465822
2700,7,3.636440,8.940162,4.083704,3.636440,14.941607,9.465822
2700,8,3.976080,8.940162,4.083704,3.636440,14.941607,9.465822
2700,9,14.737322,8.940162,4.083704,3.636440,14.941607,9.465822
2800,0,10.513656,11.900216,3.543715,6.091716,16.225355,12.437916
2800,1,10.945831,11.900216,3.543715,6.091716,16.225355,12.437916
2800,2,9.589154,11.900216,3.543715,6.091716,16.225355,12.437916
2800,3,14.035050,11.900216,3.543715,6.091716,16.225355,12.437916
2800,4,13.930001,11.900216,3.543715,6.091716,16.225355,12.437916
2800,5,6.506627,11.900216,3.543715,6.091716,16.225355,12.437916
2800,6,6.091716,11.900216,3.543715,6.091716,16.225355,12.437916
2800,7,16.225355,11.900216,3.543715,6.091716,16.225355,12.437916
2800,8,15.389761,11.900216,3.543715,6.091716,16.225355,12.437916
2800,9,15.775007,11.900216,3.543715,6.091716,16.225355,12.437916
2900,0,10.449184,9.071858,3.946494,3.931977,15.471776,10.105215
2900,1,9.943130,9.071858,3.946494,3.931977,15.471776,10.105215
2900,2,15.471776,9.071858,3.946494,3.931977,15.471776,10.105215
2900,3,14.646591,9.071858,3.946494,3.931977,15.471776,10.105215
2900,4,10.515469,9.071858,3.946494,3.931977,15.471776,10.105215
2900,5,7.044680,9.071858,3.946494,3.931977,15.471776,10.105215
2900,6,10.267301,9.071858,3.946494,3.931977,15.471776,10.105215
2900,7,4.135801,9.071858,3.946494,3.931977,15.471776,10.105215
2900,8,3.931977,9.071858,3.946494,3.931977,15.471776,10.105215
2900,9,4.312674,9.071858,3.946494,3.931977,15.471776,10.105215
3000,0,11.211019,10.932403,5.451967,4.057634,20.906323,10.783368
3000,1,10.735854,10.932403,5.451967,4.057634,20.906323,10.783368
3000,2,13.456529,10.932403,5.451967,4.057634,20.906323,10.783368
3000,3,10.293171,10.932403,5.451967,4.057634,20.906323,10.783368
3000,4,10.830883,10.932403,5.451967,4.057634,20.906323,10.783368
3000,5,18.766162,10.932403,5.451967,4.057634,20.906323,10.783368
3000,6,20.906323,10.932403,5.451967,4.057634,20.906323,10.783368
3000,7,4.936279,10.932403,5.451967,4.057634,20.906323,10.783368
3000,8,4.057634,10.932403,5.451967,4.057634,20.906323,10.783368
3000,9,4.130180,10.932403,5.451967,4.057634,20.906323,10.783368
3100,0,12.522099,14.715612,9.046432,4.288048,38.364621,13.057353
3100,1,13.372180,14.715612,9.046432,4.288048,38.364621,13.057353
3100,2,11.954760,14.715612,9.046432,4.288048,38.364621,13.057353
3100,3,12.816995,14.715612,9.046432,4.288048,38.364621,13.057353
3100,4,13.297710,14.715612,9.046432,4.288048,38.364621,13.057353
3100,5,4.288048,14.715612,9.046432,4.288048,38.364621,13.057353
3100,6,17.717736,14.715612,9.046432,4.288048,38.364621,13.057353
3100,7,4.351877,14.715612,9.046432,4.288048,38.364621,13.057353
3100,8,38.364621,14.715612,9.046432,4.288048,38.364621,13.057353
3100,9,18.470094,14.715612,9.046432,4.288048,38.364621,13.057353
3200,0,11.693537,11.945469,5.344619,4.567414,22.145186,11.671836
3200,1,11.130228,11.945469,5.344619,4.567414,22.145186,11.671836
3200,2,14.670396,11.945469,5.344619,4.567414,22.145186,11.671836
3200,3,11.650136,11.945469,5.344619,4.567414,22.145186,11.671836
3200,4,12.098772,11.945469,5.344619,4.567414,22.145186,11.671836
3200,5,5.060332,11.945469,5.344619,4.567414,22.145186,11.671836
3200,6,7.377046,11.945469,5.344619,4.567414,22.145186,11.671836
3200,7,22.145186,11.945469,5.344619,4.567414,22.145186,11.671836
3200,8,19.061648,11.945469,5.344619,4.567414,22.145186,11.671836
3200,9,4.567414,11.945469,5.344619,4.567414,22.145186,11.671836
3300,0,11.614750,15.043232,4.445184,7.960225,25.066139,13.927431
3300,1,18.040725,15.043232,4.445184,7.960225,25.066139,13.927431
3300,2,14.825408,15.043232,4.445184,7.960225,25.066139,13.927431
3300,3,13.029454,15.043232,4.445184,7.960225,25.066139,13.927431
3300,4,17.840758,15.043232,4.445184,7.960225,25.066139,13.927431
3300,5,25.066139,15.043232,4.445184,7.960225,25.066139,13.927431
3300,6,16.742389,15.043232,4.445184,7.960225,25.066139,13.927431
3300,7,12.751030,15.043232,4.445184,7.960225,25.066139,13.927431
3300,8,7.960225,15.043232,4.445184,7.960225,25.066139,13.927431
3300,9,12.561442,15.043232,4.445184,7.960225,25.066139,13.927431
3400,0,48.475196,19.532250,16.010950,4.817195,50.582246,15.201651
3400,1,11.499522,19.532250,16.010950,4.817195,50.582246,15.201651
3400,2,19.416136,19.532250,16.010950,4.817195,50.582246,15.201651
3400,3,20.306583,19.532250,16.010950,4.817195,50.582246,15.201651
3400,4,12.465843,19.532250,16.010950,4.817195,50.582246,15.201651
3400,5,4.846630,19.532250,16.010950,4.817195,50.582246,15.201651
3400,6,50.582246,19.532250,16.010950,4.817195,50.582246,15.201651
3400,7,4.975693,19.532250,16.010950,4.817195,50.582246,15.201651
3400,8,4.817195,19.532250,16.010950,4.817195,50.582246,15.201651
3400,9,17.937460,19.532250,16.010950,4.817195,50.582246,15.201651
3500,0,54.302063,29.073432,17.249604,4.924487,55.277721,22.552619
3500,1,49.112317,29.073432,17.249604,4.924487,55.277721,22.552619
3500,2,14.974669,29.073432,17.249604,4.924487,55.277721,22.552619
3500,3,15.641024,29.073432,17.249604,4.924487,55.277721,22.552619
3500,4,16.537563,29.073432,17.249604,4.924487,55.277721,22.552619
3500,5,55.277721,29.073432,17.249604,4.924487,55.277721,22.552619
3500,6,20.028630,29.073432,17.249604,4.924487,55.277721,22.552619
3500,7,4.924487,29.073432,17.249604,4.924487,55.277721,22.552619
3500,8,34.859236,29.073432,17.249604,4.924487,55.277721,22.552619
3500,9,25.076609,29.073432,17.249604,4.924487,55.277721,22.552619
3600,0,17.461554,14.836632,5.498113,6.003309,25.050961,14.280406
3600,1,12.935858,14.836632,5.498113,6.003309,25.050961,14.280406
3600,2,13.027912,14.836632,5.498113,6.003309,25.050961,14.280406
3600,3,15.397355,14.836632,5.498113,6.003309,25.050961,14.280406
3600,4,13.163457,14.836632,5.498113,6.003309,25.050961,14.280406
3600,5,19.675154,14.836632,5.498113,6.003309,25.050961,14.280406
3600,6,18.806277,14.836632,5.498113,6.003309,25.050961,14.280406
3600,7,25.050961,14.836632,5.498113,6.003309,25.050961,14.280406
3600,8,6.844484,14.836632,5.498113,6.003309,25.050961,14.280406
3600,9,6.003309,14.836632,5.498113,6.003309,25.050961,14.280406
3700,0,12.509806,15.066587,12.106088,4.971987,48.539908,13.076048
3700,1,12.740711,15.066587,12.106088,4.971987,48.539908,13.076048
3700,2,13.772494,15.066587,12.106088,4.971987,48.539908,13.076048
3700,3,13.452371,15.066587,12.106088,4.971987,48.539908,13.076048
3700,4,13.411384,15.066587,12.106088,4.971987,48.539908,13.076048
3700,5,20.735010,15.066587,12.106088,4.971987,48.539908,13.076048
3700,6,48.539908,15.066587,12.106088,4.971987,48.539908,13.076048
3700,7,5.344888,15.066587,12.106088,4.971987,48.539908,13.076048
3700,8,5.187311,15.066587,12.106088,4.971987,48.539908,13.076048
3700,9,4.971987,15.066587,12.106088,4.971987,48.539908,13.076048
3800,0,13.484642,12.913097,10.304443,5.019837,41.540884,13.167650
3800,1,13.094428,12.913097,10.304443,5.019837,41.540884,13.167650
3800,2,13.240873,12.913097,10.304443,5.019837,41.540884,13.167650
3800,3,13.841925,12.913097,10.304443,5.019837,41.540884,13.167650
3800,4,13.306175,12.913097,10.304443,5.019837,41.540884,13.167650
3800,5,41.540884,12.913097,10.304443,5.019837,41.540884,13.167650
3800,6,5.019837,12.913097,10.304443,5.019837,41.540884,13.167650
3800,7,5.208252,12.913097,10.304443,5.019837,41.540884,13.167650
3800,8,5.330882,12.913097,10.304443,5.019837,41.540884,13.167650
3800,9,5.063077,12.913097,10.304443,5.019837,41.540884,13.167650
3900,0,13.747968,20.396793,14.135747,5.278995,49.506920,14.716403
3900,1,13.617462,20.396793,14.135747,5.278995,49.506920,14.716403
3900,2,14.460080,20.396793,14.135747,5.278995,49.506920,14.716403
3900,3,14.021063,20.396793,14.135747,5.278995,49.506920,14.716403
3900,4,49.506920,20.396793,14.135747,5.278995,49.506920,14.716403
3900,5,16.385746,20.396793,14.135747,5.278995,49.506920,14.716403
3900,6,15.395081,20.396793,14.135747,5.278995,49.506920,14.716403
3900,7,14.972725,20.396793,14.135747,5.278995,49.506920,14.716403
3900,8,46.581889,20.396793,14.135747,5.278995,49.506920,14.716403
3900,9,5.278995,20.396793,14.135747,5.278995,49.506920,14.716403
4000,0,13.461388,10.032826,4.301729,5.331503,15.046344,9.999252
4000,1,13.985615,10.032826,4.301729,5.331503,15.046344,9.999252
4000,2,14.769663,10.032826,4.301729,5.331503,15.046344,9.999252
4000,3,15.046344,10.032826,4.301729,5.331503,15.046344,9.999252
4000,4,14.263379,10.032826,4.301729,5.331503,15.046344,9.999252
4000,5,5.331503,10.032826,4.301729,5.331503,15.046344,9.999252
4000,6,6.537115,10.032826,4.301729,5.331503,15.046344,9.999252
4000,7,5.666714,10.032826,4.301729,5.331503,15.046344,9.999252
4000,8,5.858096,10.032826,4.301729,5.331503,15.046344,9.999252
4000,9,5.408448,10.032826,4.301729,5.331503,15.046344,9.999252
4100,0,14.553034,14.000628,6.138513,5.737338,28.000056,14.709124
4100,1,14.828233,14.000628,6.138513,5.737338,28.000056,14.709124
4100,2,15.221263,14.000628,6.138513,5.737338,28.000056,14.709124
4100,3,16.144152,14.000628,6.138513,5.737338,28.000056,14.709124
4100,4,16.699097,14.000628,6.138513,5.737338,28.000056,14.709124
4100,5,14.590014,14.000628,6.138513,5.737338,28.000056,14.709124
4100,6,28.000056,14.000628,6.138513,5.737338,28.000056,14.709124
4100,7,5.879105,14.000628,6.138513,5.737338,28.000056,14.709124
4100,8,5.737338,14.000628,6.138513,5.737338,28.000056,14.709124
4100,9,8.353988,14.000628,6.138513,5.737338,28.000056,14.709124
4200,0,14.331216,16.187335,6.701360,6.045338,28.363510,15.649410
4200,1,14.561931,16.187335,6.701360,6.045338,28.363510,15.649410
4200,2,14.889879,16.187335,6.701360,6.045338,28.363510,15.649410
4200,3,16.790780,16.187335,6.701360,6.045338,28.363510,15.649410
4200,4,18.659300,16.187335,6.701360,6.045338,28.363510,15.649410
4200,5,28.363510,16.187335,6.701360,6.045338,28.363510,15.649410
4200,6,6.332188,16.187335,6.701360,6.045338,28.363510,15.649410
4200,7,25.490268,16.187335,6.701360,6.045338,28.363510,15.649410
4200,8,16.408941,16.187335,6.701360,6.045338,28.363510,15.649410
4200,9,6.045338,16.187335,6.701360,6.045338,28.363510,15.649410
4300,0,16.228821,17.485438,7.197308,6.090282,28.789143,16.311543
4300,1,16.314803,17.485438,7.197308,6.090282,28.789143,16.311543
4300,2,16.308282,17.485438,7.197308,6.090282,28.789143,16.311543
4300,3,18.400021,17.485438,7.197308,6.090282,28.789143,16.311543
4300,4,15.777821,17.485438,7.197308,6.090282,28.789143,16.311543
4300,5,23.040583,17.485438,7.197308,6.090282,28.789143,16.311543
4300,6,28.789143,17.485438,7.197308,6.090282,28.789143,16.311543
4300,7,6.443427,17.485438,7.197308,6.090282,28.789143,16.311543
4300,8,27.461201,17.485438,7.197308,6.090282,28.789143,16.311543
4300,9,6.090282,17.485438,7.197308,6.090282,28.789143,16.311543
4400,0,17.093230,20.325482,10.498598,6.746620,49.066740,17.613605
4400,1,19.734645,20.325482,10.498598,6.746620,49.066740,17.613605
4400,2,16.718314,20.325482,10.498598,6.746620,49.066740,17.613605
4400,3,17.211372,20.325482,10.498598,6.746620,49.066740,17.613605
4400,4,15.393758,20.325482,10.498598,6.746620,49.066740,17.613605
4400,5,25.183771,20.325482,10.498598,6.746620,49.066740,17.613605
4400,6,6.746620,20.325482,10.498598,6.746620,49.066740,17.613605
4400,7,18.090528,20.325482,10.498598,6.746620,49.066740,17.613605
4400,8,49.066740,20.325482,10.498598,6.746620,49.066740,17.613605
4400,9,18.015838,20.325482,10.498598,6.746620,49.066740,17.613605
4500,0,18.135804,19.350592,13.333166,6.599973,56.432836,17.778215
4500,1,18.972178,19.350592,13.333166,6.599973,56.432836,17.778215
4500,2,17.420626,19.350592,13.333166,6.599973,56.432836,17.778215
4500,3,56.432836,19.350592,13.333166,6.599973,56.432836,17.778215
4500,4,19.747210,19.350592,13.333166,6.599973,56.432836,17.778215
4500,5,6.599973,19.350592,13.333166,6.599973,56.432836,17.778215
4500,6,16.527193,19.350592,13.333166,6.599973,56.432836,17.778215
4500,7,6.823393,19.350592,13.333166,6.599973,56.432836,17.778215
4500,8,21.547861,19.350592,13.333166,6.599973,56.432836,17.778215
4500,9,11.298844,19.350592,13.333166,6.599973,56.432836,17.778215
4600,0,17.824758,25.465348,13.860901,12.204681,64.966562,22.212589
4600,1,17.071058,25.465348,13.860901,12.204681,64.966562,22.212589
4600,2,21.997839,25.465348,13.860901,12.204681,64.966562,22.212589
4600,3,27.635759,25.465348,13.860901,12.204681,64.966562,22.212589
4600,4,20.262911,25.465348,13.860901,12.204681,64.966562,22.212589
4600,5,64.966562,25.465348,13.860901,12.204681,64.966562,22.212589
4600,6,23.914820,25.465348,13.860901,12.204681,64.966562,22.212589
4600,7,26.347753,25.465348,13.860901,12.204681,64.966562,22.212589
4600,8,12.204681,25.465348,13.860901,12.204681,64.966562,22.212589
4600,9,22.427338,25.465348,13.860901,12.204681,64.966562,22.212589
4700,0,16.910756,16.608871,12.641159,6.375780,50.186990,13.152171
4700,1,17.951658,16.608871,12.641159,6.375780,50.186990,13.152171
4700,2,22.823174,16.608871,12.641159,6.375780,50.186990,13.152171
4700,3,20.376886,16.608871,12.641159,6.375780,50.186990,13.152171
4700,4,50.186990,16.608871,12.641159,6.375780,50.186990,13.152171
4700,5,8.525380,16.608871,12.641159,6.375780,50.186990,13.152171
4700,6,7.047786,16.608871,12.641159,6.375780,50.186990,13.152171
4700,7,6.375780,16.608871,12.641159,6.375780,50.186990,13.152171
4700,8,9.393586,16.608871,12.641159,6.375780,50.186990,13.152171
4700,9,6.496718,16.608871,12.641159,6.375780,50.186990,13.152171
4800,0,17.148705,33.232809,22.172053,7.362119,69.351813,23.817006
4800,1,20.016165,33.232809,22.172053,7.362119,69.351813,23.817006
4800,2,40.608938,33.232809,22.172053,7.362119,69.351813,23.817006
4800,3,25.336378,33.232809,22.172053,7.362119,69.351813,23.817006
4800,4,22.297634,33.232809,22.172053,7.362119,69.351813,23.817006
4800,5,7.362119,33.232809,22.172053,7.362119,69.351813,23.817006
4800,6,53.417577,33.232809,22.172053,7.362119,69.351813,23.817006
4800,7,68.491712,33.232809,22.172053,7.362119,69.351813,23.817006
4800,8,69.351813,33.232809,22.172053,7.362119,69.351813,23.817006
4800,9,8.297050,33.232809,22.172053,7.362119,69.351813,23.817006
4900,0,16.946524,19.433591,6.724039,6.938070,31.082352,18.646866
4900,1,22.747992,19.433591,6.724039,6.938070,31.082352,18.646866
4900,2,19.363005,19.433591,6.724039,6.938070,31.082352,18.646866
4900,3,17.930727,19.433591,6.724039,6.938070,31.082352,18.646866
4900,4,22.562222,19.433591,6.724039,6.938070,31.082352,18.646866
4900,5,11.914193,19.433591,6.724039,6.938070,31.082352,18.646866
4900,6,31.082352,19.433591,6.724039,6.938070,31.082352,18.646866
4900,7,6.938070,19.433591,6.724039,6.938070,31.082352,18.646866
4900,8,27.746568,19.433591,6.724039,6.938070,31.082352,18.646866
4900,9,17.104261,19.433591,6.724039,6.938070,31.082352,18.646866
5000,0,18.412755,21.132832,15.021984,7.703021,63.723390,18.734957
5000,1,18.797540,21.132832,15.021984,7.703021,63.723390,18.734957
5000,2,20.323695,21.132832,15.021984,7.703021,63.723390,18.734957
5000,3,22.993294,21.132832,15.021984,7.703021,63.723390,18.734957
5000,4,19.837490,21.132832,15.021984,7.703021,63.723390,18.734957
5000,5,7.703021,21.132832,15.021984,7.703021,63.723390,18.734957
5000,6,8.360529,21.132832,15.021984,7.703021,63.723390,18.734957
5000,7,63.723390,21.132832,15.021984,7.703021,63.723390,18.734957
5000,8,12.504235,21.132832,15.021984,7.703021,63.723390,18.734957
5000,9,18.672374,21.132832,15.021984,7.703021,63.723390,18.734957
5100,0,19.600272,22.721386,15.476525,7.736964,64.716632,20.212937
5100,1,26.945990,22.721386,15.476525,7.736964,64.716632,20.212937
5100,2,64.716632,22.721386,15.476525,7.736964,64.716632,20.212937
5100,3,25.376743,22.721386,15.476525,7.736964,64.716632,20.212937
5100,4,20.586230,22.721386,15.476525,7.736964,64.716632,20.212937
5100,5,19.839643,22.721386,15.476525,7.736964,64.716632,20.212937
5100,6,10.237515,22.721386,15.476525,7.736964,64.716632,20.212937
5100,7,8.480596,22.721386,15.476525,7.736964,64.716632,20.212937
5100,8,23.693273,22.721386,15.476525,7.736964,64.716632,20.212937
5100,9,7.736964,22.721386,15.476525,7.736964,64.716632,20.212937
5200,0,18.858435,21.600721,9.331891,8.203433,42.514236,19.863258
5200,1,20.554300,21.600721,9.331891,8.203433,42.514236,19.863258
5200,2,28.589606,21.600721,9.331891,8.203433,42.514236,19.863258
5200,3,23.691849,21.600721,9.331891,8.203433,42.514236,19.863258
5200,4,18.587775,21.600721,9.331891,8.203433,42.514236,19.863258
5200,5,8.203433,21.600721,9.331891,8.203433,42.514236,19.863258
5200,6,42.514236,21.600721,9.331891,8.203433,42.514236,19.863258
5200,7,9.256216,21.600721,9.331891,8.203433,42.514236,19.863258
5200,8,19.172216,21.600721,9.331891,8.203433,42.514236,19.863258
5200,9,26.579149,21.600721,9.331891,8.203433,42.514236,19.863258
5300,0,26.206977,28.975446,17.776014,7.524424,61.199024,24.858402
5300,1,19.655116,28.975446,17.776014,7.524424,61.199024,24.858402
5300,2,60.886204,28.975446,17.776014,7.524424,61.199024,24.858402
5300,3,26.212068,28.975446,17.776014,7.524424,61.199024,24.858402
5300,4,22.915487,28.975446,17.776014,7.524424,61.199024,24.858402
5300,5,7.758134,28.975446,17.776014,7.524424,61.199024,24.858402
5300,6,23.509827,28.975446,17.776014,7.524424,61.199024,24.858402
5300,7,61.199024,28.975446,17.776014,7.524424,61.199024,24.858402
5300,8,7.524424,28.975446,17.776014,7.524424,61.199024,24.858402
5300,9,33.887196,28.975446,17.776014,7.524424,61.199024,24.858402
5400,0,27.655477,29.523846,17.260038,7.434886,71.824670,30.274229
5400,1,29.418247,29.523846,17.260038,7.434886,71.824670,30.274229
5400,2,34.082192,29.523846,17.260038,7.434886,71.824670,30.274229
5400,3,71.824670,29.523846,17.260038,7.434886,71.824670,30.274229
5400,4,32.995726,29.523846,17.260038,7.434886,71.824670,30.274229
5400,5,35.872185,29.523846,17.260038,7.434886,71.824670,30.274229
5400,6,8.111841,29.523846,17.260038,7.434886,71.824670,30.274229
5400,7,7.434886,29.523846,17.260038,7.434886,71.824670,30.274229
5400,8,16.713024,29.523846,17.260038,7.434886,71.824670,30.274229
5400,9,31.130212,29.523846,17.260038,7.434886,71.824670,30.274229
5500,0,27.182355,31.202937,13.898590,8.202592,66.884133,29.385455
5500,1,24.381099,31.202937,13.898590,8.202592,66.884133,29.385455
5500,2,66.884133,31.202937,13.898590,8.202592,66.884133,29.385455
5500,3,32.922809,31.202937,13.898590,8.202592,66.884133,29.385455
5500,4,25.587360,31.202937,13.898590,8.202592,66.884133,29.385455
5500,5,27.512317,31.202937,13.898590,8.202592,66.884133,29.385455
5500,6,8.202592,31.202937,13.898590,8.202592,66.884133,29.385455
5500,7,31.258594,31.202937,13.898590,8.202592,66.884133,29.385455
5500,8,35.172617,31.202937,13.898590,8.202592,66.884133,29.385455
5500,9,32.925494,31.202937,13.898590,8.202592,66.884133,29.385455
5600,0,66.703463,39.229707,25.903247,8.477539,73.032175,26.074217
5600,1,70.389567,39.229707,25.903247,8.477539,73.032175,26.074217
5600,2,73.032175,39.229707,25.903247,8.477539,73.032175,26.074217
5600,3,70.943200,39.229707,25.903247,8.477539,73.032175,26.074217
5600,4,20.272358,39.229707,25.903247,8.477539,73.032175,26.074217
5600,5,12.478877,39.229707,25.903247,8.477539,73.032175,26.074217
5600,6,23.641294,39.229707,25.903247,8.477539,73.032175,26.074217
5600,7,17.851458,39.229707,25.903247,8.477539,73.032175,26.074217
5600,8,8.477539,39.229707,25.903247,8.477539,73.032175,26.074217
5600,9,28.507141,39.229707,25.903247,8.477539,73.032175,26.074217
5700,0,33.534610,27.464274,15.906182,10.911885,66.654070,29.454290
5700,1,33.454550,27.464274,15.906182,10.911885,66.654070,29.454290
5700,2,66.654070,27.464274,15.906182,10.911885,66.654070,29.454290
5700,3,29.082614,27.464274,15.906182,10.911885,66.654070,29.454290
5700,4,31.769736,27.464274,15.906182,10.911885,66.654070,29.454290
5700,5,29.825965,27.464274,15.906182,10.911885,66.654070,29.454290
5700,6,13.434719,27.464274,15.906182,10.911885,66.654070,29.454290
5700,7,14.533959,27.464274,15.906182,10.911885,66.654070,29.454290
5700,8,10.911885,27.464274,15.906182,10.911885,66.654070,29.454290
5700,9,11.440632,27.464274,15.906182,10.911885,66.654070,29.454290
5800,0,24.813352,42.257103,21.539625,8.526942,74.686851,32.505863
5800,1,27.681034,42.257103,21.539625,8.526942,74.686851,32.505863
5800,2,63.275596,42.257103,21.539625,8.526942,74.686851,32.505863
5800,3,67.143261,42.257103,21.539625,8.526942,74.686851,32.505863
5800,4,63.853254,42.257103,21.539625,8.526942,74.686851,32.505863
5800,5,8.526942,42.257103,21.539625,8.526942,74.686851,32.505863
5800,6,74.686851,42.257103,21.539625,8.526942,74.686851,32.505863
5800,7,32.128553,42.257103,21.539625,8.526942,74.686851,32.505863
5800,8,32.883174,42.257103,21.539625,8.526942,74.686851,32.505863
5800,9,27.579012,42.257103,21.539625,8.526942,74.686851,32.505863
5900,0,35.481859,37.534222,18.147702,9.489897,75.793517,34.234494
5900,1,34.127918,37.534222,18.147702,9.489897,75.793517,34.234494
5900,2,75.793517,37.534222,18.147702,9.489897,75.793517,34.234494
5900,3,34.341071,37.534222,18.147702,9.489897,75.793517,34.234494
5900,4,34.077824,37.534222,18.147702,9.489897,75.793517,34.234494
5900,5,51.087777,37.534222,18.147702,9.489897,75.793517,34.234494
5900,6,9.489897,37.534222,18.147702,9.489897,75.793517,34.234494
5900,7,53.359406,37.534222,18.147702,9.489897,75.793517,34.234494
5900,8,13.960058,37.534222,18.147702,9.489897,75.793517,34.234494
5900,9,33.622897,37.534222,18.147702,9.489897,75.793517,34.234494
6000,0,22.115280,38.818870,22.571052,8.578229,69.930662,33.500457
6000,1,23.649169,38.818870,22.571052,8.578229,69.930662,33.500457
6000,2,67.564565,38.818870,22.571052,8.578229,69.930662,33.500457
6000,3,68.881946,38.818870,22.571052,8.578229,69.930662,33.500457
6000,4,69.930662,38.818870,22.571052,8.578229,69.930662,33.500457
6000,5,49.833755,38.818870,22.571052,8.578229,69.930662,33.500457
6000,6,32.964187,38.818870,22.571052,8.578229,69.930662,33.500457
6000,7,10.634182,38.818870,22.571052,8.578229,69.930662,33.500457
6000,8,34.036727,38.818870,22.571052,8.578229,69.930662,33.500457
6000,9,8.578229,38.818870,22.571052,8.578229,69.930662,33.500457
6100,0,28.384790,39.011302,16.416522,8.876190,67.292191,33.796344
6100,1,33.838213,39.011302,16.416522,8.876190,67.292191,33.796344
6100,2,33.754475,39.011302,16.416522,8.876190,67.292191,33.796344
6100,3,31.977418,39.011302,16.416522,8.876190,67.292191,33.796344
6100,4,67.292191,39.011302,16.416522,8.876190,67.292191,33.796344
6100,5,29.924921,39.011302,16.416522,8.876190,67.292191,33.796344
6100,6,60.781487,39.011302,16.416522,8.876190,67.292191,33.796344
6100,7,53.334870,39.011302,16.416522,8.876190,67.292191,33.796344
6100,8,8.876190,39.011302,16.416522,8.876190,67.292191,33.796344
6100,9,41.948461,39.011302,16.416522,8.876190,67.292191,33.796344
6200,0,23.823938,27.913571,13.376702,9.249614,57.625582,26.875657
6200,1,26.469753,27.913571,13.376702,9.249614,57.625582,26.875657
6200,2,27.493641,27.913571,13.376702,9.249614,57.625582,26.875657
6200,3,29.070201,27.913571,13.376702,9.249614,57.625582,26.875657
6200,4,27.281562,27.913571,13.376702,9.249614,57.625582,26.875657
6200,5,9.658424,27.913571,13.376702,9.249614,57.625582,26.875657
6200,6,26.344526,27.913571,13.376702,9.249614,57.625582,26.875657
6200,7,9.249614,27.913571,13.376702,9.249614,57.625582,26.875657
6200,8,42.118470,27.913571,13.376702,9.249614,57.625582,26.875657
6200,9,57.625582,27.913571,13.376702,9.249614,57.625582,26.875657
6300,0,36.448620,25.892642,11.039108,9.147672,36.448620,31.220862
6300,1,35.545298,25.892642,11.039108,9.147672,36.448620,31.220862
6300,2,35.702215,25.892642,11.039108,9.147672,36.448620,31.220862
6300,3,33.747682,25.892642,11.039108,9.147672,36.448620,31.220862
6300,4,35.450579,25.892642,11.039108,9.147672,36.448620,31.220862
6300,5,28.694042,25.892642,11.039108,9.147672,36.448620,31.220862
6300,6,9.976924,25.892642,11.039108,9.147672,36.448620,31.220862
6300,7,9.147672,25.892642,11.039108,9.147672,36.448620,31.220862
6300,8,11.241737,25.892642,11.039108,9.147672,36.448620,31.220862
6300,9,22.971653,25.892642,11.039108,9.147672,36.448620,31.220862
6400,0,58.184375,33.395065,22.464194,9.735901,71.442961,26.756582
6400,1,26.733138,33.395065,22.464194,9.735901,71.442961,26.756582
6400,2,27.598239,33.395065,22.464194,9.735901,71.442961,26.756582
6400,3,26.780027,33.395065,22.464194,9.735901,71.442961,26.756582
6400,4,23.035904,33.395065,22.464194,9.735901,71.442961,26.756582
6400,5,9.735901,33.395065,22.464194,9.735901,71.442961,26.756582
6400,6,68.117326,33.395065,22.464194,9.735901,71.442961,26.756582
6400,7,10.410220,33.395065,22.464194,9.735901,71.442961,26.756582
6400,8,71.442961,33.395065,22.464194,9.735901,71.442961,26.756582
6400,9,11.912561,33.395065,22.464194,9.735901,71.442961,26.756582
6500,0,26.899902,31.073269,9.769299,10.883142,46.548866,30.110075
6500,1,28.828636,31.073269,9.769299,10.883142,46.548866,30.110075
6500,2,33.278739,31.073269,9.769299,10.883142,46.548866,30.110075
6500,3,30.782567,31.073269,9.769299,10.883142,46.548866,30.110075
6500,4,34.252393,31.073269,9.769299,10.883142,46.548866,30.110075
6500,5,29.437583,31.073269,9.769299,10.883142,46.548866,30.110075
6500,6,10.883142,31.073269,9.769299,10.883142,46.548866,30.110075
6500,7,24.010369,31.073269,9.769299,10.883142,46.548866,30.110075
6500,8,46.548866,31.073269,9.769299,10.883142,46.548866,30.110075
6500,9,45.810496,31.073269,9.769299,10.883142,46.548866,30.110075
6600,0,26.353132,34.193181,21.328038,9.796524,66.306584,29.631008
6600,1,27.856455,34.193181,21.328038,9.796524,66.306584,29.631008
6600,2,31.405561,34.193181,21.328038,9.796524,66.306584,29.631008
6600,3,32.201981,34.193181,21.328038,9.796524,66.306584,29.631008
6600,4,62.039967,34.193181,21.328038,9.796524,66.306584,29.631008
6600,5,10.593105,34.193181,21.328038,9.796524,66.306584,29.631008
6600,6,64.635276,34.193181,21.328038,9.796524,66.306584,29.631008
6600,7,10.743228,34.193181,21.328038,9.796524,66.306584,29.631008
6600,8,66.306584,34.193181,21.328038,9.796524,66.306584,29.631008
6600,9,9.796524,34.193181,21.328038,9.796524,66.306584,29.631008
6700,0,36.779724,31.280992,17.661194,9.542705,65.639138,30.514952
6700,1,65.639138,31.280992,17.661194,9.542705,65.639138,30.514952
6700,2,32.115167,31.280992,17.661194,9.542705,65.639138,30.514952
6700,3,28.914738,31.280992,17.661194,9.542705,65.639138,30.514952
6700,4,26.189674,31.280992,17.661194,9.542705,65.639138,30.514952
6700,5,48.650986,31.280992,17.661194,9.542705,65.639138,30.514952
6700,6,9.542705,31.280992,17.661194,9.542705,65.639138,30.514952
6700,7,9.950805,31.280992,17.661194,9.542705,65.639138,30.514952
6700,8,9.926449,31.280992,17.661194,9.542705,65.639138,30.514952
6700,9,45.100538,31.280992,17.661194,9.542705,65.639138,30.514952
6800,0,31.085066,24.703153,10.242622,10.989212,35.991669,29.847304
6800,1,34.686439,24.703153,10.242622,10.989212,35.991669,29.847304
6800,2,33.629859,24.703153,10.242622,10.989212,35.991669,29.847304
6800,3,33.267638,24.703153,10.242622,10.989212,35.991669,29.847304
6800,4,28.609543,24.703153,10.242622,10.989212,35.991669,29.847304
6800,5,35.991669,24.703153,10.242622,10.989212,35.991669,29.847304
6800,6,11.592827,24.703153,10.242622,10.989212,35.991669,29.847304
6800,7,11.854972,24.703153,10.242622,10.989212,35.991669,29.847304
6800,8,15.324307,24.703153,10.242622,10.989212,35.991669,29.847304
6800,9,10.989212,24.703153,10.242622,10.989212,35.991669,29.847304
6900,0,43.514170,28.119149,13.438393,9.615372,43.514170,35.425777
6900,1,40.754270,28.119149,13.438393,9.615372,43.514170,35.425777
6900,2,38.529609,28.119149,13.438393,9.615372,43.514170,35.425777
6900,3,36.079995,28.119149,13.438393,9.615372,43.514170,35.425777
6900,4,34.771560,28.119149,13.438393,9.615372,43.514170,35.425777
6900,5,9.615372,28.119149,13.438393,9.615372,43.514170,35.425777
6900,6,11.950632,28.119149,13.438393,9.615372,43.514170,35.425777
6900,7,15.514766,28.119149,13.438393,9.615372,43.514170,35.425777
6900,8,10.845239,28.119149,13.438393,9.615372,43.514170,35.425777
6900,9,39.615876,28.119149,13.438393,9.615372,43.514170,35.425777
7000,0,30.095973,33.534754,21.463147,10.176299,71.465422,33.320798
7000,1,71.465422,33.534754,21.463147,10.176299,71.465422,33.320798
7000,2,66.148185,33.534754,21.463147,10.176299,71.465422,33.320798
7000,3,36.545622,33.534754,21.463147,10.176299,71.465422,33.320798
7000,4,38.279839,33.534754,21.463147,10.176299,71.465422,33.320798
7000,5,10.634343,33.534754,21.463147,10.176299,71.465422,33.320798
7000,6,12.124139,33.534754,21.463147,10.176299,71.465422,33.320798
7000,7,10.176299,33.534754,21.463147,10.176299,71.465422,33.320798
7000,8,14.023968,33.534754,21.463147,10.176299,71.465422,33.320798
7000,9,45.853746,33.534754,21.463147,10.176299,71.465422,33.320798
7100,0,31.189983,38.617913,16.382743,11.659684,69.611038,37.023823
7100,1,32.558221,38.617913,16.382743,11.659684,69.611038,37.023823
7100,2,38.325375,38.617913,16.382743,11.659684,69.611038,37.023823
7100,3,43.097464,38.617913,16.382743,11.659684,69.611038,37.023823
7100,4,35.722271,38.617913,16.382743,11.659684,69.611038,37.023823
7100,5,11.659684,38.617913,16.382743,11.659684,69.611038,37.023823
7100,6,50.076562,38.617913,16.382743,11.659684,69.611038,37.023823
7100,7,56.197571,38.617913,16.382743,11.659684,69.611038,37.023823
7100,8,17.740959,38.617913,16.382743,11.659684,69.611038,37.023823
7100,9,69.611038,38.617913,16.382743,11.659684,69.611038,37.023823
7200,0,53.385574,37.068627,20.020777,13.030977,82.651393,34.878422
7200,1,39.628640,37.068627,20.020777,13.030977,82.651393,34.878422
7200,2,49.390689,37.068627,20.020777,13.030977,82.651393,34.878422
7200,3,39.613802,37.068627,20.020777,13.030977,82.651393,34.878422
7200,4,82.651393,37.068627,20.020777,13.030977,82.651393,34.878422
7200,5,13.030977,37.068627,20.020777,13.030977,82.651393,34.878422
7200,6,22.199969,37.068627,20.020777,13.030977,82.651393,34.878422
7200,7,27.089028,37.068627,20.020777,13.030977,82.651393,34.878422
7200,8,13.553161,37.068627,20.020777,13.030977,82.651393,34.878422
7200,9,30.143041,37.068627,20.020777,13.030977,82.651393,34.878422
7300,0,38.823372,29.536734,13.578239,10.751312,49.203105,33.086271
7300,1,34.371767,29.536734,13.578239,10.751312,49.203105,33.086271
7300,2,31.800774,29.536734,13.578239,10.751312,49.203105,33.086271
7300,3,27.205678,29.536734,13.578239,10.751312,49.203105,33.086271
7300,4,36.533389,29.536734,13.578239,10.751312,49.203105,33.086271
7300,5,10.953133,29.536734,13.578239,10.751312,49.203105,33.086271
7300,6,10.751312,29.536734,13.578239,10.751312,49.203105,33.086271
7300,7,49.203105,29.536734,13.578239,10.751312,49.203105,33.086271
7300,8,10.775298,29.536734,13.578239,10.751312,49.203105,33.086271
7300,9,44.949512,29.536734,13.578239,10.751312,49.203105,33.086271
7400,0,32.681412,45.496158,27.887463,11.389345,93.892698,38.317128
7400,1,71.668885,45.496158,27.887463,11.389345,93.892698,38.317128
7400,2,49.311369,45.496158,27.887463,11.389345,93.892698,38.317128
7400,3,85.738377,45.496158,27.887463,11.389345,93.892698,38.317128
7400,4,43.952845,45.496158,27.887463,11.389345,93.892698,38.317128
7400,5,93.892698,45.496158,27.887463,11.389345,93.892698,38.317128
7400,6,17.587370,45.496158,27.887463,11.389345,93.892698,38.317128
7400,7,31.934135,45.496158,27.887463,11.389345,93.892698,38.317128
7400,8,11.389345,45.496158,27.887463,11.389345,93.892698,38.317128
7400,9,16.805146,45.496158,27.887463,11.389345,93.892698,38.317128
7500,0,42.960767,30.165817,15.204865,10.876188,50.133358,38.498761
7500,1,41.648925,30.165817,15.204865,10.876188,50.133358,38.498761
7500,2,40.820805,30.165817,15.204865,10.876188,50.133358,38.498761
7500,3,36.176717,30.165817,15.204865,10.876188,50.133358,38.498761
7500,4,42.014704,30.165817,15.204865,10.876188,50.133358,38.498761
7500,5,12.184382,30.165817,15.204865,10.876188,50.133358,38.498761
7500,6,11.330113,30.165817,15.204865,10.876188,50.133358,38.498761
7500,7,13.512212,30.165817,15.204865,10.876188,50.133358,38.498761
7500,8,10.876188,30.165817,15.204865,10.876188,50.133358,38.498761
7500,9,50.133358,30.165817,15.204865,10.876188,50.133358,38.498761
7600,0,42.574929,42.227256,22.055502,13.791770,79.609753,42.371085
7600,1,36.727555,42.227256,22.055502,13.791770,79.609753,42.371085
7600,2,44.035210,42.227256,22.055502,13.791770,79.609753,42.371085
7600,3,42.167241,42.227256,22.055502,13.791770,79.609753,42.371085
7600,4,78.729454,42.227256,22.055502,13.791770,79.609753,42.371085
7600,5,13.791770,42.227256,22.055502,13.791770,79.609753,42.371085
7600,6,49.833853,42.227256,22.055502,13.791770,79.609753,42.371085
7600,7,18.367539,42.227256,22.055502,13.791770,79.609753,42.371085
7600,8,16.435260,42.227256,22.055502,13.791770,79.609753,42.371085
7600,9,79.609753,42.227256,22.055502,13.791770,79.609753,42.371085
7700,0,37.423836,33.074435,17.278827,11.077818,70.757999,37.526199
7700,1,27.476138,33.074435,17.278827,11.077818,70.757999,37.526199
7700,2,37.960126,33.074435,17.278827,11.077818,70.757999,37.526199
7700,3,37.628562,33.074435,17.278827,11.077818,70.757999,37.526199
7700,4,70.757999,33.074435,17.278827,11.077818,70.757999,37.526199
7700,5,40.228540,33.074435,17.278827,11.077818,70.757999,37.526199
7700,6,12.989760,33.074435,17.278827,11.077818,70.757999,37.526199
7700,7,11.077818,33.074435,17.278827,11.077818,70.757999,37.526199
7700,8,42.968141,33.074435,17.278827,11.077818,70.757999,37.526199
7700,9,12.233434,33.074435,17.278827,11.077818,70.757999,37.526199
7800,0,77.147214,45.421168,20.555667,14.154664,77.433663,47.384559
7800,1,39.928294,45.421168,20.555667,14.154664,77.433663,47.384559
7800,2,52.645751,45.421168,20.555667,14.154664,77.433663,47.384559
7800,3,47.739548,45.421168,20.555667,14.154664,77.433663,47.384559
7800,4,47.029570,45.421168,20.555667,14.154664,77.433663,47.384559
7800,5,14.154664,45.421168,20.555667,14.154664,77.433663,47.384559
7800,6,14.834203,45.421168,20.555667,14.154664,77.433663,47.384559
7800,7,32.647298,45.421168,20.555667,14.154664,77.433663,47.384559
7800,8,50.651474,45.421168,20.555667,14.154664,77.433663,47.384559
7800,9,77.433663,45.421168,20.555667,14.154664,77.433663,47.384559
7900,0,82.693130,46.112951,24.973583,13.507785,85.713521,43.626159
7900,1,73.085743,46.112951,24.973583,13.507785,85.713521,43.626159
7900,2,42.647696,46.112951,24.973583,13.507785,85.713521,43.626159
7900,3,46.227370,46.112951,24.973583,13.507785,85.713521,43.626159
7900,4,44.604623,46.112951,24.973583,13.507785,85.713521,43.626159
7900,5,23.848965,46.112951,24.973583,13.507785,85.713521,43.626159
7900,6,13.507785,46.112951,24.973583,13.507785,85.713521,43.626159
7900,7,17.804920,46.112951,24.973583,13.507785,85.713521,43.626159
7900,8,85.713521,46.112951,24.973583,13.507785,85.713521,43.626159
7900,9,30.995757,46.112951,24.973583,13.507785,85.713521,43.626159
8000,0,44.015553,38.033756,18.322080,11.624428,78.316746,41.593755
8000,1,47.416819,38.033756,18.322080,11.624428,78.316746,41.593755
8000,2,42.784353,38.033756,18.322080,11.624428,78.316746,41.593755
8000,3,44.818676,38.033756,18.322080,11.624428,78.316746,41.593755
8000,4,40.403158,38.033756,18.322080,11.624428,78.316746,41.593755
8000,5,25.113718,38.033756,18.322080,11.624428,78.316746,41.593755
8000,6,12.550973,38.033756,18.322080,11.624428,78.316746,41.593755
8000,7,11.624428,38.033756,18.322080,11.624428,78.316746,41.593755
8000,8,33.293135,38.033756,18.322080,11.624428,78.316746,41.593755
8000,9,78.316746,38.033756,18.322080,11.624428,78.316746,41.593755
8100,0,76.176023,44.071583,24.528316,14.057571,86.095009,41.082934
8100,1,39.765147,44.071583,24.528316,14.057571,86.095009,41.082934
8100,2,49.544888,44.071583,24.528316,14.057571,86.095009,41.082934
8100,3,86.095009,44.071583,24.528316,14.057571,86.095009,41.082934
8100,4,42.400721,44.071583,24.528316,14.057571,86.095009,41.082934
8100,5,15.949404,44.071583,24.528316,14.057571,86.095009,41.082934
8100,6,16.771062,44.071583,24.528316,14.057571,86.095009,41.082934
8100,7,14.057571,44.071583,24.528316,14.057571,86.095009,41.082934
8100,8,68.166425,44.071583,24.528316,14.057571,86.095009,41.082934
8100,9,31.789582,44.071583,24.528316,14.057571,86.095009,41.082934
8200,0,74.094001,56.883381,24.036087,15.886586,92.480096,44.967888
8200,1,40.608755,56.883381,24.036087,15.886586,92.480096,44.967888
8200,2,43.172564,56.883381,24.036087,15.886586,92.480096,44.967888
8200,3,43.825225,56.883381,24.036087,15.886586,92.480096,44.967888
8200,4,46.110550,56.883381,24.036087,15.886586,92.480096,44.967888
8200,5,15.886586,56.883381,24.036087,15.886586,92.480096,44.967888
8200,6,82.321791,56.883381,24.036087,15.886586,92.480096,44.967888
8200,7,42.700555,56.883381,24.036087,15.886586,92.480096,44.967888
8200,8,92.480096,56.883381,24.036087,15.886586,92.480096,44.967888
8200,9,87.633687,56.883381,24.036087,15.886586,92.480096,44.967888
8300,0,73.972463,34.952877,19.734433,13.014254,73.972463,35.214329
8300,1,40.860860,34.952877,19.734433,13.014254,73.972463,35.214329
8300,2,41.776565,34.952877,19.734433,13.014254,73.972463,35.214329
8300,3,42.826153,34.952877,19.734433,13.014254,73.972463,35.214329
8300,4,59.897520,34.952877,19.734433,13.014254,73.972463,35.214329
8300,5,15.794934,34.952877,19.734433,13.014254,73.972463,35.214329
8300,6,14.567350,34.952877,19.734433,13.014254,73.972463,35.214329
8300,7,29.567797,34.952877,19.734433,13.014254,73.972463,35.214329
8300,8,17.250876,34.952877,19.734433,13.014254,73.972463,35.214329
8300,9,13.014254,34.952877,19.734433,13.014254,73.972463,35.214329
8400,0,72.590489,48.372891,20.342335,14.660136,92.579192,43.550512
8400,1,41.826409,48.372891,20.342335,14.660136,92.579192,43.550512
8400,2,55.984489,48.372891,20.342335,14.660136,92.579192,43.550512
8400,3,47.188860,48.372891,20.342335,14.660136,92.579192,43.550512
8400,4,42.876067,48.372891,20.342335,14.660136,92.579192,43.550512
8400,5,44.224957,48.372891,20.342335,14.660136,92.579192,43.550512
8400,6,92.579192,48.372891,20.342335,14.660136,92.579192,43.550512
8400,7,14.660136,48.372891,20.342335,14.660136,92.579192,43.550512
8400,8,35.720386,48.372891,20.342335,14.660136,92.579192,43.550512
8400,9,36.077930,48.372891,20.342335,14.660136,92.579192,43.550512
8500,0,48.351941,55.125320,21.486741,15.622638,92.535580,48.371818
8500,1,45.450116,55.125320,21.486741,15.622638,92.535580,48.371818
8500,2,54.595281,55.125320,21.486741,15.622638,92.535580,48.371818
8500,3,44.736631,55.125320,21.486741,15.622638,92.535580,48.371818
8500,4,44.292163,55.125320,21.486741,15.622638,92.535580,48.371818
8500,5,48.391695,55.125320,21.486741,15.622638,92.535580,48.371818
8500,6,15.622638,55.125320,21.486741,15.622638,92.535580,48.371818
8500,7,92.535580,55.125320,21.486741,15.622638,92.535580,48.371818
8500,8,70.251944,55.125320,21.486741,15.622638,92.535580,48.371818
8500,9,87.025210,55.125320,21.486741,15.622638,92.535580,48.371818
8600,0,82.882366,58.527062,29.109680,14.691104,110.558901,54.852712
8600,1,50.646243,58.527062,29.109680,14.691104,110.558901,54.852712
8600,2,49.177466,58.527062,29.109680,14.691104,110.558901,54.852712
8600,3,81.166975,58.527062,29.109680,14.691104,110.558901,54.852712
8600,4,80.851971,58.527062,29.109680,14.691104,110.558901,54.852712
8600,5,17.130018,58.527062,29.109680,14.691104,110.558901,54.852712
8600,6,110.558901,58.527062,29.109680,14.691104,110.558901,54.852712
8600,7,14.691104,58.527062,29.109680,14.691104,110.558901,54.852712
8600,8,59.059180,58.527062,29.109680,14.691104,110.558901,54.852712
8600,9,39.106394,58.527062,29.109680,14.691104,110.558901,54.852712
8700,0,34.556465,47.216354,19.920891,14.877596,92.961532,41.710806
8700,1,38.355151,47.216354,19.920891,14.877596,92.961532,41.710806
8700,2,40.834771,47.216354,19.920891,14.877596,92.961532,41.710806
8700,3,42.586841,47.216354,19.920891,14.877596,92.961532,41.710806
8700,4,42.717687,47.216354,19.920891,14.877596,92.961532,41.710806
8700,5,92.961532,47.216354,19.920891,14.877596,92.961532,41.710806
8700,6,61.175136,47.216354,19.920891,14.877596,92.961532,41.710806
8700,7,40.489469,47.216354,19.920891,14.877596,92.961532,41.710806
8700,8,63.608890,47.216354,19.920891,14.877596,92.961532,41.710806
8700,9,14.877596,47.216354,19.920891,14.877596,92.961532,41.710806
8800,0,47.112365,42.978758,21.294630,14.378775,89.788636,47.999351
8800,1,49.613257,42.978758,21.294630,14.378775,89.788636,47.999351
8800,2,50.248193,42.978758,21.294630,14.378775,89.788636,47.999351
8800,3,41.913352,42.978758,21.294630,14.378775,89.788636,47.999351
8800,4,48.886337,42.978758,21.294630,14.378775,89.788636,47.999351
8800,5,89.788636,42.978758,21.294630,14.378775,89.788636,47.999351
8800,6,16.332616,42.978758,21.294630,14.378775,89.788636,47.999351
8800,7,14.378775,42.978758,21.294630,14.378775,89.788636,47.999351
8800,8,52.507889,42.978758,21.294630,14.378775,89.788636,47.999351
8800,9,19.006162,42.978758,21.294630,14.378775,89.788636,47.999351
8900,0,44.267497,51.164103,25.092822,14.880721,85.360754,55.397518
8900,1,56.745222,51.164103,25.092822,14.880721,85.360754,55.397518
8900,2,58.655771,51.164103,25.092822,14.880721,85.360754,55.397518
8900,3,54.049814,51.164103,25.092822,14.880721,85.360754,55.397518
8900,4,85.360754,51.164103,25.092822,14.880721,85.360754,55.397518
8900,5,79.341735,51.164103,25.092822,14.880721,85.360754,55.397518
8900,6,79.667429,51.164103,25.092822,14.880721,85.360754,55.397518
8900,7,23.517460,51.164103,25.092822,14.880721,85.360754,55.397518
8900,8,15.154627,51.164103,25.092822,14.880721,85.360754,55.397518
8900,9,14.880721,51.164103,25.092822,14.880721,85.360754,55.397518
9000,0,50.388487,58.014112,19.427449,24.552529,86.508315,64.003934
9000,1,71.762198,58.014112,19.427449,24.552529,86.508315,64.003934
9000,2,68.730547,58.014112,19.427449,24.552529,86.508315,64.003934
9000,3,86.508315,58.014112,19.427449,24.552529,86.508315,64.003934
9000,4,61.092209,58.014112,19.427449,24.552529,86.508315,64.003934
9000,5,26.449482,58.014112,19.427449,24.552529,86.508315,64.003934
9000,6,66.915659,58.014112,19.427449,24.552529,86.508315,64.003934
9000,7,24.552529,58.014112,19.427449,24.552529,86.508315,64.003934
9000,8,75.396223,58.014112,19.427449,24.552529,86.508315,64.003934
9000,9,48.345468,58.014112,19.427449,24.552529,86.508315,64.003934
9100,0,52.906690,64.070155,31.575786,17.511176,126.970093,52.218453
9100,1,51.530217,64.070155,31.575786,17.511176,126.970093,52.218453
9100,2,51.225453,64.070155,31.575786,17.511176,126.970093,52.218453
9100,3,50.156339,64.070155,31.575786,17.511176,126.970093,52.218453
9100,4,105.153717,64.070155,31.575786,17.511176,126.970093,52.218453
9100,5,126.970093,64.070155,31.575786,17.511176,126.970093,52.218453
9100,6,52.982633,64.070155,31.575786,17.511176,126.970093,52.218453
9100,7,92.461389,64.070155,31.575786,17.511176,126.970093,52.218453
9100,8,39.803839,64.070155,31.575786,17.511176,126.970093,52.218453
9100,9,17.511176,64.070155,31.575786,17.511176,126.970093,52.218453
9200,0,47.879530,49.052196,28.361111,12.955214,104.532307,47.964986
9200,1,87.006583,49.052196,28.361111,12.955214,104.532307,47.964986
9200,2,58.287236,49.052196,28.361111,12.955214,104.532307,47.964986
9200,3,53.208668,49.052196,28.361111,12.955214,104.532307,47.964986
9200,4,48.050442,49.052196,28.361111,12.955214,104.532307,47.964986
9200,5,12.955214,49.052196,28.361111,12.955214,104.532307,47.964986
9200,6,104.532307,49.052196,28.361111,12.955214,104.532307,47.964986
9200,7,16.224422,49.052196,28.361111,12.955214,104.532307,47.964986
9200,8,17.026352,49.052196,28.361111,12.955214,104.532307,47.964986
9200,9,45.351208,49.052196,28.361111,12.955214,104.532307,47.964986
9300,0,44.232250,47.526751,21.328630,16.291869,96.052634,47.410211
9300,1,48.288921,47.526751,21.328630,16.291869,96.052634,47.410211
9300,2,48.873232,47.526751,21.328630,16.291869,96.052634,47.410211
9300,3,96.052634,47.526751,21.328630,16.291869,96.052634,47.410211
9300,4,48.158796,47.526751,21.328630,16.291869,96.052634,47.410211
9300,5,20.107737,47.526751,21.328630,16.291869,96.052634,47.410211
9300,6,67.190175,47.526751,21.328630,16.291869,96.052634,47.410211
9300,7,16.291869,47.526751,21.328630,16.291869,96.052634,47.410211
9300,8,39.410267,47.526751,21.328630,16.291869,96.052634,47.410211
9300,9,46.661627,47.526751,21.328630,16.291869,96.052634,47.410211
9400,0,55.039959,43.938650,22.356393,18.063516,92.364246,42.824563
9400,1,92.364246,43.938650,22.356393,18.063516,92.364246,42.824563
9400,2,64.206735,43.938650,22.356393,18.063516,92.364246,42.824563
9400,3,51.562177,43.938650,22.356393,18.063516,92.364246,42.824563
9400,4,52.080984,43.938650,22.356393,18.063516,92.364246,42.824563
9400,5,26.715933,43.938650,22.356393,18.063516,92.364246,42.824563
9400,6,19.202792,43.938650,22.356393,18.063516,92.364246,42.824563
9400,7,18.063516,43.938650,22.356393,18.063516,92.364246,42.824563
9400,8,26.063205,43.938650,22.356393,18.063516,92.364246,42.824563
9400,9,34.086949,43.938650,22.356393,18.063516,92.364246,42.824563
9500,0,83.451837,54.957849,19.845439,16.714684,84.043591,55.278422
9500,1,53.268621,54.957849,19.845439,16.714684,84.043591,55.278422
9500,2,32.437691,54.957849,19.845439,16.714684,84.043591,55.278422
9500,3,59.187550,54.957849,19.845439,16.714684,84.043591,55.278422
9500,4,57.288224,54.957849,19.845439,16.714684,84.043591,55.278422
9500,5,84.043591,54.957849,19.845439,16.714684,84.043591,55.278422
9500,6,50.229315,54.957849,19.845439,16.714684,84.043591,55.278422
9500,7,45.127906,54.957849,19.845439,16.714684,84.043591,55.278422
9500,8,67.829069,54.957849,19.845439,16.714684,84.043591,55.278422
9500,9,16.714684,54.957849,19.845439,16.714684,84.043591,55.278422
9600,0,81.246983,70.841306,25.767049,17.347176,107.691136,66.644006
9600,1,59.963181,70.841306,25.767049,17.347176,107.691136,66.644006
9600,2,60.653793,70.841306,25.767049,17.347176,107.691136,66.644006
9600,3,104.817613,70.841306,25.767049,17.347176,107.691136,66.644006
9600,4,56.769355,70.841306,25.767049,17.347176,107.691136,66.644006
9600,5,107.691136,70.841306,25.767049,17.347176,107.691136,66.644006
9600,6,54.695710,70.841306,25.767049,17.347176,107.691136,66.644006
9600,7,17.347176,70.841306,25.767049,17.347176,107.691136,66.644006
9600,8,92.593897,70.841306,25.767049,17.347176,107.691136,66.644006
9600,9,72.634220,70.841306,25.767049,17.347176,107.691136,66.644006
9700,0,58.255084,63.514907,30.691813,19.171203,116.909280,56.815142
9700,1,55.375200,63.514907,30.691813,19.171203,116.909280,56.815142
9700,2,50.879041,63.514907,30.691813,19.171203,116.909280,56.815142
9700,3,60.967933,63.514907,30.691813,19.171203,116.909280,56.815142
9700,4,52.323310,63.514907,30.691813,19.171203,116.909280,56.815142
9700,5,87.336844,63.514907,30.691813,19.171203,116.909280,56.815142
9700,6,109.544496,63.514907,30.691813,19.171203,116.909280,56.815142
9700,7,116.909280,63.514907,30.691813,19.171203,116.909280,56.815142
9700,8,19.171203,63.514907,30.691813,19.171203,116.909280,56.815142
9700,9,24.386676,63.514907,30.691813,19.171203,116.909280,56.815142
9800,0,46.067377,58.937004,26.706319,16.980766,117.015981,61.086763
9800,1,60.199286,58.937004,26.706319,16.980766,117.015981,61.086763
9800,2,61.974240,58.937004,26.706319,16.980766,117.015981,61.086763
9800,3,56.115894,58.937004,26.706319,16.980766,117.015981,61.086763
9800,4,66.143373,58.937004,26.706319,16.980766,117.015981,61.086763
9800,5,66.326407,58.937004,26.706319,16.980766,117.015981,61.086763
9800,6,21.695558,58.937004,26.706319,16.980766,117.015981,61.086763
9800,7,76.851162,58.937004,26.706319,16.980766,117.015981,61.086763
9800,8,117.015981,58.937004,26.706319,16.980766,117.015981,61.086763
9800,9,16.980766,58.937004,26.706319,16.980766,117.015981,61.086763
9900,0,81.573538,52.763846,22.283747,17.335083,81.573538,61.538694
9900,1,56.625394,52.763846,22.283747,17.335083,81.573538,61.538694
9900,2,59.567767,52.763846,22.283747,17.335083,81.573538,61.538694
9900,3,68.248919,52.763846,22.283747,17.335083,81.573538,61.538694
9900,4,67.013933,52.763846,22.283747,17.335083,81.573538,61.538694
9900,5,25.930896,52.763846,22.283747,17.335083,81.573538,61.538694
9900,6,63.509622,52.763846,22.283747,17.335083,81.573538,61.538694
9900,7,17.607187,52.763846,22.283747,17.335083,81.573538,61.538694
9900,8,17.335083,52.763846,22.283747,17.335083,81.573538,61.538694
9900,9,70.226124,52.763846,22.283747,17.335083,81.573538,61.538694
10000,0,55.880712,52.845315,29.676235,14.623576,100.456768,55.031998
10000,1,100.456768,52.845315,29.676235,14.623576,100.456768,55.031998
10000,2,95.032330,52.845315,29.676235,14.623576,100.456768,55.031998
10000,3,59.496982,52.845315,29.676235,14.623576,100.456768,55.031998
10000,4,54.183284,52.845315,29.676235,14.623576,100.456768,55.031998
10000,5,76.616730,52.845315,29.676235,14.623576,100.456768,55.031998
10000,6,19.033513,52.845315,29.676235,14.623576,100.456768,55.031998
10000,7,14.623576,52.845315,29.676235,14.623576,100.456768,55.031998
10000,8,17.778909,52.845315,29.676235,14.623576,100.456768,55.031998
10000,9,35.350349,52.845315,29.676235,14.623576,100.456768,55.031998
